INSERT INTO `universite` (`id_universite`,`nom_universite`,`sigle_université`,`adresse_universite`,`ville`,`code_postal`)
VALUES
(1,"Université du Québec à Montréal","UQAM","405 Rue Sainte-Catherine Est","Montréal","H2L2C4"),
(7,"Université du Québec en Outaouais","UQO","283 Boul. Alexandre-Taché","Gatineau","J8X3X7"),
(3,"Université du Québec à Rimouski","UQAR","300 All. des Ursulines","Rimouski","G5L3A1"),
(4,"Université du Québec en Abitibi-Témiscamingue","UQAT","445 Bd de l'Université","Rouyn-Noranda","J9X5E4"),
(5,"Université du Québec à Trois-Rivières","UQTR","3351 Bd des Forges","Trois-Rivières","G8Z4M3"),
(6,"Université du Québec à Chicoutimi","UQAC","555 Bd de l'Université","Chicoutimi","G7H2B1"),
(2,"Université Laval","ULaval","2325 Rue de l'Université","Québec","G1V0A6");

INSERT INTO `etudiant` (`id_etudiant`,`prenom_etudiant`,`nom_etudiant`,`abonnement`,`immatriculation`)
VALUES
  (5674,"Morgan","Prince","2025-04-01 08:43:15","URN ATT"),
  (5675,"Rhona","Berger","2024-09-01 08:21:13","FHF KEQ"),
  (5676,"Maggie","Russo","2024-10-05 14:12:08","MBY ESM"),
  (5677,"Hop","Barr","2024-12-02 04:10:08","YYZ AHE"),
  (5678,"Carl","Head","2025-03-05 08:27:24","KBL GSI"),
  (5679,"Bert","Morgan","2024-07-15 15:31:18","XNP MTY"),
  (5680,"Joan","Lane","2024-07-06 18:24:38","TVT HVX"),
  (5681,"Moses","Maddox","2024-10-19 12:59:12","ZJR HWI"),
  (5682,"Sybill","Travis","2024-12-29 23:36:37","EJZ AHN"),
  (5683,"Shellie","Henderson","2024-09-29 21:31:26","AZL WAO"),
  (5684,"Leonard","Morales","2024-11-17 16:00:19","CER XUJ"),
  (5685,"Joan","Luna","2025-01-11 09:04:19","VLQ LYT"),
  (5686,"Eugenia","Fowler","2025-03-15 05:36:17","FSS ZNE"),
  (5687,"Joshua","Meyer","2024-12-24 02:45:17","ZIE KBU"),
  (5688,"Lamar","Reyes","2024-08-13 16:23:24","FWL ZIA"),
  (5689,"Alexis","Mccormick","2024-08-19 03:15:30","ECU MPI"),
  (5690,"Emery","Owens","2025-01-30 17:03:19","QIJ VJW"),
  (5691,"Tasha","Albert","2024-07-26 05:35:59","YLN RGV"),
  (5692,"Nicholas","Langley","2024-06-30 03:22:52","YKH QJI"),
  (5693,"Odysseus","Cameron","2024-04-15 14:33:02","SNE EVJ"),
  (5694,"Simone","Hoffman","2024-10-25 18:34:08","VYP XWN"),
  (5695,"Charles","Britt","2025-02-28 07:51:32","HES DYF"),
  (5696,"Priscilla","Moss","2025-02-18 01:50:19","QUT JTH"),
  (5697,"Trevor","Rowland","2025-02-20 05:57:11","DHB DOR"),
  (5698,"George","Walls","2025-03-14 21:01:16","JVV JSF"),
  (5699,"Amanda","Barton","2024-06-06 11:41:55","SQD MBM"),
  (5700,"Brett","Foley","2024-10-29 16:46:49","TIQ RKB"),
  (5701,"Vivien","Coffey","2024-10-11 01:14:59","HGJ OKI"),
  (5702,"Holly","Briggs","2024-08-05 20:32:07","RRI EWE"),
  (5703,"Mohammad","Collins","2025-02-23 16:34:40","FIP QLE"),
  (5704,"Jordan","Jean","2025-02-23 16:34:42","FIP QLG");
  
INSERT INTO `agent` (`id_agent`,`nom_agent`,`prenom_agent`)
VALUES
  (1,"Pearson","Baxter"),
  (2,"Brennan","Rhiannon"),
  (3,"Zimmerman","Rafael"),
  (4,"West","Channing"),
  (5,"Avila","Colorado"),
  (6,"Hernandez","Stacey"),
  (7,"Sweeney","Odysseus"),
  (8,"Jimenez","Alice"),
  (9,"Davidson","Slade"),
  (10,"Campbell","Brennan"),
  (11,"Franks","Griffith"),
  (12,"Whitley","Hector"),
  (13,"Garrett","Flynn"),
  (14,"Mccray","Raya"),
  (15,"Middleton","Karyn"),
  (16,"Day","Noelle"),
  (17,"Russo","Lev"),
  (18,"Allen","Allistair"),
  (19,"Britt","Carla"),
  (20,"Osborn","Abra"),
  (21,"Gordon","Lucian"),
  (22,"Mercer","Cain"),
  (23,"O'donnell","Hilel"),
  (24,"Moreno","Halla"),
  (25,"Moreno","Moses"),
  (26,"Mckee","Cade"),
  (27,"Reynolds","Garrison"),
  (28,"Franklin","Ivana"),
  (29,"Mckenzie","Rashad"),
  (30,"Adkins","Galvin"),
  (31,"Courtois","Nadine");
  
  
INSERT INTO `espace_stationnement` (`id_espace_stationnement`,`designation_espace_stationnement`,`id_universite`,`position`)
VALUES
  (100,"ESPACE-1",4,"550 Bd de l'Université"),
  (101,"ESPACE-2",2,"551 Bd de l'Université"),
  (102,"ESPACE-3",5,"552 Bd de l'Université"),
  (103,"ESPACE-4",3,"553 Bd de l'Université"),
  (104,"ESPACE-5",1,"554 Bd de l'Université"),
  (105,"ESPACE-6",3,"555 Bd de l'Université"),
  (106,"ESPACE-7",4,"556 Bd de l'Université"),
  (107,"ESPACE-8",1,"557 Bd de l'Université"),
  (108,"ESPACE-9",1,"558 Bd de l'Université"),
  (109,"ESPACE-10",1,"559 Bd de l'Université"),
  (110,"ESPACE-11",5,"560 Bd de l'Université"),
  (111,"ESPACE-12",2,"561 Bd de l'Université"),
  (112,"ESPACE-13",5,"562 Bd de l'Université"),
  (113,"ESPACE-14",5,"563 Bd de l'Université"),
  (114,"ESPACE-15",4,"564 Bd de l'Université"),
  (115,"ESPACE-16",3,"565 Bd de l'Université"),
  (116,"ESPACE-17",5,"566 Bd de l'Université"),
  (117,"ESPACE-18",3,"567 Bd de l'Université"),
  (118,"ESPACE-19",5,"568 Bd de l'Université"),
  (119,"ESPACE-20",4,"569 Bd de l'Université"),
  (120,"ESPACE-21",4,"570 Bd de l'Université"),
  (121,"ESPACE-22",3,"571 Bd de l'Université"),
  (122,"ESPACE-23",2,"572 Bd de l'Université"),
  (123,"ESPACE-24",2,"573 Bd de l'Université"),
  (124,"ESPACE-25",5,"574 Bd de l'Université"),
  (125,"ESPACE-26",4,"575 Bd de l'Université"),
  (126,"ESPACE-27",3,"576 Bd de l'Université"),
  (127,"ESPACE-28",6,"577 Bd de l'Université"),
  (128,"ESPACE-29",5,"578 Bd de l'Université"),
  (129,"ESPACE-30",1,"579 Bd de l'Université");
  
  INSERT INTO `allee` (`id_allee`,`id_espace_stationnement`,`designation_alle`,`sens_de_circulation`)
VALUES
(1,102,"G","unique"),
  (2,122,"G","unique"),
  (3,114,"J","double"),
  (4,116,"F","double"),
  (5,103,"X","unique"),
  (6,114,"Q","unique"),
  (7,125,"F","double"),
  (8,100,"N","double"),
  (9,117,"G","unique"),
  (10,103,"V","unique"),
  (11,111,"K","double"),
  (12,102,"W","double"),
  (13,119,"G","unique"),
  (14,115,"Y","unique"),
  (15,123,"M","double"),
  (16,110,"E","double"),
  (17,124,"O","unique"),
  (18,101,"D","unique"),
  (19,127,"Z","double"),
  (20,116,"Y","double"),
  (21,104,"B","unique"),
  (22,106,"R","unique"),
  (23,101,"W","double"),
  (24,111,"Q","double"),
  (25,121,"E","unique"),
  (26,104,"I","unique"),
  (27,105,"G","double"),
  (28,124,"B","double"),
  (29,110,"T","unique"),
  (30,114,"J","unique");

INSERT INTO `place` (`id_place`,`type_de_place`,`id_allee`,`nom`)
VALUES
  (1,"standard",16,"G822"),
  (2,"personnes à mobilité réduite",14,"B647"),
  (3,"véhicules électriques",6,"C575"),
  (4,"standard",28,"T294"),
  (5,"personnes à mobilité réduite",23,"W558"),
  (6,"véhicules électriques",14,"S968"),
  (7,"standard",8,"M273"),
  (8,"personnes à mobilité réduite",29,"S267"),
  (9,"véhicules électriques",23,"E652"),
  (10,"standard",19,"O489"),
  (11,"personnes à mobilité réduite",9,"T723"),
  (12,"véhicules électriques",28,"U926"),
  (13,"standard",14,"X658"),
  (14,"personnes à mobilité réduite",16,"S558"),
  (15,"véhicules électriques",29,"W155"),
  (16,"standard",4,"O235"),
  (17,"personnes à mobilité réduite",8,"D632"),
  (18,"véhicules électriques",6,"T622"),
  (19,"standard",24,"T161"),
  (20,"personnes à mobilité réduite",16,"H833"),
  (21,"véhicules électriques",26,"K326"),
  (22,"standard",6,"V362"),
  (23,"personnes à mobilité réduite",20,"S963"),
  (24,"véhicules électriques",5,"W627"),
  (25,"standard",10,"N577"),
  (26,"personnes à mobilité réduite",26,"M264"),
  (27,"véhicules électriques",13,"U484"),
  (28,"standard",26,"J436"),
  (29,"personnes à mobilité réduite",16,"N822"),
  (30,"véhicules électriques",12,"K312"),
  (31,"standard",19,"P325"),
  (32,"personnes à mobilité réduite",6,"V368"),
  (33,"véhicules électriques",28,"R272"),
  (34,"standard",3,"W365"),
  (35,"personnes à mobilité réduite",7,"N675"),
  (36,"véhicules électriques",21,"H381"),
  (37,"standard",16,"C643"),
  (38,"personnes à mobilité réduite",9,"J917"),
  (39,"véhicules électriques",17,"W458"),
  (40,"standard",16,"S443"),
  (41,"personnes à mobilité réduite",17,"U641"),
  (42,"véhicules électriques",16,"R765"),
  (43,"standard",29,"V352"),
  (44,"personnes à mobilité réduite",17,"P475"),
  (45,"véhicules électriques",14,"X518"),
  (46,"standard",9,"K655"),
  (47,"personnes à mobilité réduite",13,"U445"),
  (48,"véhicules électriques",16,"D635"),
  (49,"standard",11,"B536"),
  (50,"personnes à mobilité réduite",9,"L414");
  
 INSERT INTO `place_reservee` (`id_place`,`id_etudiant`,`date_reservation`,`heure_debut_reservation`,`heure_fin_reservation`)
VALUES
  (14,5704,"2023-09-04","8:41","19:03"),
  (14,5703,"2023-09-04","8:41","19:03"),
  (10,5695,"2024-03-18","7:50","18:04"),
  (31,5703,"2024-10-15","1:22","15:28"),
  (47,5699,"2024-05-24","7:59","14:08"),
  (50,5687,"2024-07-11","6:42","20:46"),
  (31,5698,"2024-10-18","0:23","17:45"),
  (42,5686,"2024-05-31","7:08","19:44"),
  (13,5691,"2024-08-03","7:23","22:49"),
  (50,5677,"2024-08-12","10:03","12:06"),
  (7,5693,"2024-07-08","4:49","18:20"),
  (16,5690,"2024-09-14","3:44","16:09"),
  (9,5681,"2024-05-01","2:25","13:42"),
  (33,5695,"2024-12-21","1:43","16:56"),
  (44,5695,"2024-07-09","9:05","19:43"),
  (30,5692,"2024-08-21","2:44","20:41"),
  (21,5686,"2024-12-03","10:46","12:19"),
  (12,5692,"2025-02-09","7:42","11:49"),
  (33,5687,"2024-12-24","10:01","19:33"),
  (19,5695,"2024-09-24","2:11","17:47"),
  (4,5700,"2024-05-25","3:18","17:00"),
  (45,5679,"2024-12-01","10:00","15:40"),
  (27,5681,"2024-10-12","7:47","18:04"),
  (36,5698,"2025-03-06","2:06","14:16"),
  (27,5692,"2025-03-07","5:08","20:48"),
  (21,5697,"2024-12-08","9:56","21:30"),
  (15,5699,"2025-01-25","6:14","17:35"),
  (45,5700,"2024-09-26","6:50","12:28"),
  (43,5702,"2024-04-07","3:58","16:58"),
  (13,5680,"2025-02-12","2:32","18:53"),
  (6,5696,"2025-01-25","9:58","23:23");
  
  INSERT INTO `espace_surveille` (`id_agent`,`id_espace_stationnement`,`date_surveillance`,`heure_debut_surveillance`,`heure_fin_surveillance`)
VALUES
  (15,122,"2024-10-30","2:16","22:06"),
  (6,118,"2024-05-25","10:30","15:32"),
  (7,124,"2024-09-04","5:17","18:27"),
  (4,108,"2024-11-07","2:30","23:38"),
  (27,109,"2024-05-15","2:07","12:48"),
  (2,125,"2024-11-06","5:04","13:18"),
  (24,122,"2025-01-17","3:43","20:33"),
  (23,124,"2025-03-14","4:12","21:57"),
  (22,107,"2024-04-09","3:12","20:48"),
  (20,108,"2024-05-26","1:20","23:34"),
  (17,107,"2024-10-30","1:43","13:39"),
  (29,122,"2024-06-06","9:17","20:30"),
  (15,109,"2024-06-27","4:50","12:06"),
  (5,103,"2024-05-14","9:53","15:17"),
  (13,121,"2025-01-08","4:45","18:35"),
  (11,122,"2025-01-19","9:24","12:23"),
  (22,118,"2024-05-13","3:15","13:24"),
  (16,127,"2024-04-10","10:37","23:59"),
  (27,127,"2025-01-04","3:30","16:04"),
  (22,108,"2024-12-19","10:26","14:19"),
  (17,121,"2024-07-02","0:52","18:46"),
  (21,108,"2024-11-18","6:38","23:21"),
  (7,127,"2024-06-02","7:51","21:37"),
  (7,101,"2024-05-03","0:50","16:36"),
  (12,117,"2024-09-15","9:56","21:46"),
  (28,104,"2024-08-05","5:09","18:47"),
  (5,107,"2025-03-29","5:36","21:48"),
  (1,124,"2024-04-27","1:05","20:55"),
  (10,128,"2025-03-26","8:14","15:28"),
  (31,110,"2024-12-24","0:04","19:09");

INSERT INTO `cours` (`id_cours`,`nom_du_cours`,`nombre_heures`,`debut`,`fin`)
VALUES
  (400,"Maths",1,"2025-03-24 08:00:00", DATE_ADD("2025-03-24 08:00:00", INTERVAL 1 HOUR)),
  (401,"Sport",2,"2025-02-05 12:00:00", DATE_ADD("2025-02-05 12:00:00", INTERVAL 2 HOUR)),
  (402,"POO",3,"2025-01-09 18:00:00", DATE_ADD("2025-01-09 18:00:00", INTERVAL 3 HOUR)),
  (403,"IntroDB",3,"2024-06-13 12:00:00", DATE_ADD("2024-06-13 12:00:00", INTERVAL 3 HOUR)),
  (404,"Français",2,"2025-02-05 12:00:00", DATE_ADD("2025-02-05 12:00:00", INTERVAL 2 HOUR)),
  (405,"Sport",1,"2024-11-17 08:00:00", DATE_ADD("2024-11-17 08:00:00", INTERVAL 1 HOUR)),
  (406,"Physique",2,"2025-01-18 08:00:00", DATE_ADD("2025-01-18 08:00:00", INTERVAL 2 HOUR)),
  (407,"Physique",3,"2024-12-08 19:00:00", DATE_ADD("2024-12-08 19:00:00", INTERVAL 3 HOUR)),
  (408,"IntroDB",2,"2024-10-13 10:00:00", DATE_ADD("2024-10-13 10:00:00", INTERVAL 2 HOUR)),
  (409,"POO",3,"2024-07-17 14:00:00", DATE_ADD("2024-07-17 14:00:00", INTERVAL 3 HOUR)),
  (410,"IntroDB",3,"2025-01-01 17:00:00", DATE_ADD("2025-01-01 17:00:00", INTERVAL 3 HOUR)),
  (411,"Français",1,"2024-04-15 14:00:00", DATE_ADD("2024-04-15 14:00:00", INTERVAL 1 HOUR)),
  (412,"IntroDB",3,"2024-12-15 19:00:00", DATE_ADD("2024-12-15 19:00:00", INTERVAL 3 HOUR)),
  (413,"Physique",3,"2024-08-07 19:00:00", DATE_ADD("2024-08-07 19:00:00", INTERVAL 3 HOUR)),
  (414,"Physique",1,"2025-01-13 19:00:00", DATE_ADD("2025-01-13 19:00:00", INTERVAL 1 HOUR)),
  (415,"Physique",1,"2024-09-09 13:00:00", DATE_ADD("2024-09-09 13:00:00", INTERVAL 1 HOUR)),
  (416,"Cybersécruité",1,"2025-03-20 12:00:00", DATE_ADD("2025-03-20 12:00:00", INTERVAL 1 HOUR)),
  (417,"Chimie",2,"2025-02-27 17:00:00", DATE_ADD("2025-02-27 17:00:00", INTERVAL 2 HOUR)),
  (418,"Sport",3,"2024-11-27 19:00:00", DATE_ADD("2024-11-27 19:00:00", INTERVAL 3 HOUR)),
  (419,"Sport",1,"2024-11-28 15:00:00", DATE_ADD("2024-11-28 15:00:00", INTERVAL 1 HOUR)),
  (420,"IntroDB",3,"2025-02-06 12:00:00", DATE_ADD("2025-02-06 12:00:00", INTERVAL 3 HOUR)),
  (421,"Politique",1,"2024-05-30 15:00:00", DATE_ADD("2024-05-30 15:00:00", INTERVAL 1 HOUR)),
  (422,"Marketing",3,"2024-08-19 19:00:00", DATE_ADD("2024-08-19 19:00:00", INTERVAL 3 HOUR)),
  (423,"IntroDB",3,"2024-08-27 13:00:00", DATE_ADD("2024-08-27 13:00:00", INTERVAL 3 HOUR)),
  (424,"POO",3,"2024-06-01 13:00:00", DATE_ADD("2024-06-01 13:00:00", INTERVAL 3 HOUR)),
  (425,"Chimie",3,"2024-11-06 08:00:00", DATE_ADD("2024-11-06 08:00:00", INTERVAL 3 HOUR)),
  (426,"Maths",3,"2024-12-30 13:00:00", DATE_ADD("2024-12-30 13:00:00", INTERVAL 3 HOUR)),
  (427,"Maths",3,"2025-03-08 11:00:00", DATE_ADD("2025-03-08 11:00:00", INTERVAL 3 HOUR)),
  (428,"Marketing",2,"2024-09-13 11:00:00", DATE_ADD("2024-09-13 11:00:00", INTERVAL 2 HOUR)),
  (429,"Finances",2,"2024-09-27 15:00:00", DATE_ADD("2024-09-27 15:00:00", INTERVAL 2 HOUR)),
  (432,"Programmation jeux vidéo",2,"2024-09-27 15:00:00", DATE_ADD("2024-09-27 15:00:00", INTERVAL 2 HOUR));
  
  INSERT INTO `cours_suivi` (`id_cours`,`id_etudiant`,`session`,`local`)
VALUES
  (416,5681,"Automne","P5-5645"),
  (421,5680,"Automne","P4-5621"),
  (414,5689,"Printemps","P9-0890"),
  (425,5682,"Printemps","P4-1540"),
  (419,5675,"Automne","P7-4085"),
  (414,5700,"Printemps","P1-1853"),
  (418,5692,"Printemps","P1-2372"),
  (428,5703,"Automne","P3-2353"),
  (410,5699,"Automne","P5-6774"),
  (412,5677,"Automne","P0-8488"),
  (421,5694,"Automne","P4-6854"),
  (423,5688,"Hiver","P8-1565"),
  (406,5677,"Hiver","P9-9758"),
  (423,5700,"Automne","P4-4731"),
  (416,5693,"Hiver","P9-7531"),
  (427,5676,"Automne","P8-3983"),
  (416,5677,"Automne","P1-1347"),
  (421,5679,"Printemps","P9-1617"),
  (406,5689,"Automne","P0-4378"),
  (426,5685,"Printemps","P9-9572"),
  (402,5696,"Printemps","P1-1272"),
  (405,5685,"Automne","P2-3463"),
  (403,5693,"Hiver","P8-3974"),
  (432,5695,"Printemps","P1-2311"),
  (401,5676,"Automne","P5-5161"),
  (427,5695,"Printemps","P9-8715"),
  (402,5699,"Hiver","P4-1502"),
  (410,5694,"Automne","P7-2883"),
  (403,5684,"Hiver","P3-9795"),
  (404,5685,"Automne","P0-3373"),
  (401,5681,"Automne","P5-5645"),
  (402,5681,"Automne","P5-5645"),
  (403,5681,"Automne","P5-5645"),
  (405,5681,"Automne","P5-5645"),
  (406,5681,"Automne","P5-5645"),
  (407,5681,"Automne","P5-5645"),
  (408,5681,"Automne","P5-5645"),
  (409,5681,"Automne","P5-5645"),
  (410,5681,"Automne","P5-5645");